layer	component	file	template	versace	loyalty	tv_diff	tl_diff	vl_diff	status
ui	accordion	Accordion.vue	✓	✓	✓	0	0	0	IDENTICAL
ui	accordion	AccordionContent.vue	✓	✓	✓	0	0	0	IDENTICAL
ui	accordion	AccordionItem.vue	✓	✓	✓	0	0	0	IDENTICAL
ui	accordion	AccordionTrigger.vue	✓	✓	✓	0	0	0	IDENTICAL
ui	accordion	composite/AccordionList.vue	✓	✓	✓	0	0	0	IDENTICAL
ui	accordion	composite/expandable-item/ExpandableItem.vue	✓	✓	✓	0	0	0	IDENTICAL
ui	accordion	composite/expandable-item/ExpandableItemSkeleton.vue	✓	✓	✓	0	0	0	IDENTICAL
ui	accordion	composite/expandable-item/index.ts	✓	✓	✓	0	0	0	IDENTICAL
ui	accordion	composite/index.ts	✓	✓	✓	0	0	0	IDENTICAL
ui	accordion	index.ts	✓	✓	✓	0	0	0	IDENTICAL
ui	alert	Alert.vue	✓	✓	✓	0	0	0	IDENTICAL
ui	alert	AlertBox.vue	✓	✓	✓	0	0	0	IDENTICAL
ui	alert	AlertBoxSkeleton.vue	✓	✓	✓	0	0	0	IDENTICAL
ui	alert	AlertDescription.vue	✓	✓	✓	0	0	0	IDENTICAL
ui	alert	AlertTitle.vue	✓	✓	✓	0	0	0	IDENTICAL
ui	alert	index.ts	✓	✓	✓	0	0	0	IDENTICAL
ui	badge	Badge.vue	✓	✓	✓	0	0	0	IDENTICAL
ui	badge	StockBadge.vue	✓	✓	✓	0	0	0	IDENTICAL
ui	badge	index.ts	✓	✓	✓	0	0	0	IDENTICAL
ui	bottom-sheet	BottomSheet.vue	✓	✓	✓	0	0	0	IDENTICAL
ui	bottom-sheet	index.ts	✓	✓	✓	0	0	0	IDENTICAL
ui	breadcrumb	Breadcrumb.vue	✓	✓	✓	0	0	0	IDENTICAL
ui	breadcrumb	BreadcrumbEllipsis.vue	✓	✓	✓	0	0	0	IDENTICAL
ui	breadcrumb	BreadcrumbItem.vue	✓	✓	✓	0	0	0	IDENTICAL
ui	breadcrumb	BreadcrumbLink.vue	✓	✓	✓	0	0	0	IDENTICAL
ui	breadcrumb	BreadcrumbList.vue	✓	✓	✓	0	0	0	IDENTICAL
ui	breadcrumb	BreadcrumbPage.vue	✓	✓	✓	0	0	0	IDENTICAL
ui	breadcrumb	BreadcrumbSeparator.vue	✓	✓	✓	0	0	0	IDENTICAL
ui	breadcrumb	index.ts	✓	✓	✓	0	0	0	IDENTICAL
ui	button	Button.vue	✓	✓	✓	0	0	0	IDENTICAL
ui	button	FloatingScanButton.vue	✓	✓	✓	0	0	0	IDENTICAL
ui	button	IconButton.vue	✓	✓	✓	0	0	0	IDENTICAL
ui	button	index.ts	✓	✓	✓	0	0	0	IDENTICAL
ui	calendar	Calendar.vue	✓	✓	✓	0	0	0	IDENTICAL
ui	calendar	CalendarHeader.vue	✓	✓	✓	0	0	0	IDENTICAL
ui	calendar	CalendarHolidayLegend.vue	✓	✓	✓	0	0	0	IDENTICAL
ui	calendar	CalendarMonthGrid.vue	✓	✓	✓	0	0	0	IDENTICAL
ui	calendar	CalendarMonthPicker.vue	✓	✓	✓	0	0	0	IDENTICAL
ui	calendar	CalendarYearPicker.vue	✓	✓	✓	0	0	0	IDENTICAL
ui	calendar	composables/useCalendarClasses.ts	✓	✓	✓	0	0	0	IDENTICAL
ui	calendar	composables/useHolidayMap.ts	✓	✓	✓	0	0	0	IDENTICAL
ui	calendar	index.ts	✓	✓	✓	0	0	0	IDENTICAL
ui	card	Card.vue	✓	✓	✓	0	0	0	IDENTICAL
ui	card	CardAction.vue	✓	✓	✓	0	0	0	IDENTICAL
ui	card	CardContent.vue	✓	✓	✓	0	0	0	IDENTICAL
ui	card	CardDescription.vue	✓	✓	✓	0	0	0	IDENTICAL
ui	card	CardFooter.vue	✓	✓	✓	0	0	0	IDENTICAL
ui	card	CardHeader.vue	✓	✓	✓	0	0	0	IDENTICAL
ui	card	CardTitle.vue	✓	✓	✓	0	0	0	IDENTICAL
ui	card	index.ts	✓	✓	✓	0	0	0	IDENTICAL
ui	checkbox	Checkbox.vue	✓	✓	✓	0	0	0	IDENTICAL
ui	checkbox	index.ts	✓	✓	✓	0	0	0	IDENTICAL
ui	combobox	MultiSelect.vue	✓	✓	✓	0	0	0	IDENTICAL
ui	combobox	SearchableSelect.vue	✓	✓	✓	0	0	0	IDENTICAL
ui	combobox	composite/MultiSelectField.vue	✓	✓	✓	0	0	0	IDENTICAL
ui	combobox	composite/SearchableSelectField.vue	✓	✓	✓	0	0	0	IDENTICAL
ui	combobox	composite/index.ts	✓	✓	✓	0	0	0	IDENTICAL
ui	combobox	index.ts	✓	✓	✓	0	0	0	IDENTICAL
ui	combobox	types.ts	✓	✓	✓	0	0	0	IDENTICAL
ui	command	Command.vue	✓	✓	✓	0	0	0	IDENTICAL
ui	command	CommandDialog.vue	✓	✓	✓	0	0	0	IDENTICAL
ui	command	CommandEmpty.vue	✓	✓	✓	0	0	0	IDENTICAL
ui	command	CommandGroup.vue	✓	✓	✓	0	0	0	IDENTICAL
ui	command	CommandInput.vue	✓	✓	✓	0	0	0	IDENTICAL
ui	command	CommandItem.vue	✓	✓	✓	0	0	0	IDENTICAL
ui	command	CommandList.vue	✓	✓	✓	0	0	0	IDENTICAL
ui	command	CommandSeparator.vue	✓	✓	✓	0	0	0	IDENTICAL
ui	command	CommandShortcut.vue	✓	✓	✓	0	0	0	IDENTICAL
ui	command	index.ts	✓	✓	✓	0	0	0	IDENTICAL
ui	country-code-selector	CountryCodeSelector.vue	✓	✓	✓	0	0	0	IDENTICAL
ui	country-code-selector	index.ts	✓	✓	✓	0	0	0	IDENTICAL
ui	date-picker	DatePickerField.vue	✓	✓	✓	0	0	0	IDENTICAL
ui	date-picker	index.ts	✓	✓	✓	0	0	0	IDENTICAL
ui	dialog	Dialog.vue	✓	✓	✓	0	0	0	IDENTICAL
ui	dialog	DialogClose.vue	✓	✓	✓	0	0	0	IDENTICAL
ui	dialog	DialogContent.vue	✓	✓	✓	0	0	0	IDENTICAL
ui	dialog	DialogDescription.vue	✓	✓	✓	0	0	0	IDENTICAL
ui	dialog	DialogFooter.vue	✓	✓	✓	0	0	0	IDENTICAL
ui	dialog	DialogHeader.vue	✓	✓	✓	0	0	0	IDENTICAL
ui	dialog	DialogOverlay.vue	✓	✓	✓	0	0	0	IDENTICAL
ui	dialog	DialogScrollContent.vue	✓	✓	✓	0	0	0	IDENTICAL
ui	dialog	DialogTitle.vue	✓	✓	✓	0	0	0	IDENTICAL
ui	dialog	DialogTrigger.vue	✓	✓	✓	0	0	0	IDENTICAL
ui	dialog	composite/ConfirmDialog.vue	✓	✓	✓	0	0	0	IDENTICAL
ui	dialog	composite/DetailDialog.vue	✓	✓	✓	0	0	0	IDENTICAL
ui	dialog	composite/DialogWrapper.vue	✓	✓	✓	0	0	0	IDENTICAL
ui	dialog	composite/FormDialog.vue	✓	✓	✓	0	0	0	IDENTICAL
ui	dialog	composite/index.ts	✓	✓	✓	0	0	0	IDENTICAL
ui	dialog	index.ts	✓	✓	✓	0	0	0	IDENTICAL
ui	divider	Divider.vue	✓	✓	✓	0	0	0	IDENTICAL
ui	divider	index.ts	✓	✓	✓	0	0	0	IDENTICAL
ui	drawer	Drawer.vue	✓	✓	✓	0	0	0	IDENTICAL
ui	drawer	DrawerClose.vue	✓	✓	✓	0	0	0	IDENTICAL
ui	drawer	DrawerContent.vue	✓	✓	✓	0	0	0	IDENTICAL
ui	drawer	DrawerDescription.vue	✓	✓	✓	0	0	0	IDENTICAL
ui	drawer	DrawerFooter.vue	✓	✓	✓	0	0	0	IDENTICAL
ui	drawer	DrawerHeader.vue	✓	✓	✓	0	0	0	IDENTICAL
ui	drawer	DrawerOverlay.vue	✓	✓	✓	0	0	0	IDENTICAL
ui	drawer	DrawerTitle.vue	✓	✓	✓	0	0	0	IDENTICAL
ui	drawer	DrawerTrigger.vue	✓	✓	✓	0	0	0	IDENTICAL
ui	drawer	index.ts	✓	✓	✓	0	0	0	IDENTICAL
ui	dropdown-menu	DropdownMenu.vue	✓	✓	✓	0	0	0	IDENTICAL
ui	dropdown-menu	DropdownMenuCheckboxItem.vue	✓	✓	✓	0	0	0	IDENTICAL
ui	dropdown-menu	DropdownMenuContent.vue	✓	✓	✓	0	0	0	IDENTICAL
ui	dropdown-menu	DropdownMenuGroup.vue	✓	✓	✓	0	0	0	IDENTICAL
ui	dropdown-menu	DropdownMenuItem.vue	✓	✓	✓	0	0	0	IDENTICAL
ui	dropdown-menu	DropdownMenuLabel.vue	✓	✓	✓	0	0	0	IDENTICAL
ui	dropdown-menu	DropdownMenuRadioGroup.vue	✓	✓	✓	0	0	0	IDENTICAL
ui	dropdown-menu	DropdownMenuRadioItem.vue	✓	✓	✓	0	0	0	IDENTICAL
ui	dropdown-menu	DropdownMenuSeparator.vue	✓	✓	✓	0	0	0	IDENTICAL
ui	dropdown-menu	DropdownMenuShortcut.vue	✓	✓	✓	0	0	0	IDENTICAL
ui	dropdown-menu	DropdownMenuSub.vue	✓	✓	✓	0	0	0	IDENTICAL
ui	dropdown-menu	DropdownMenuSubContent.vue	✓	✓	✓	0	0	0	IDENTICAL
ui	dropdown-menu	DropdownMenuSubTrigger.vue	✓	✓	✓	0	0	0	IDENTICAL
ui	dropdown-menu	DropdownMenuTrigger.vue	✓	✓	✓	0	0	0	IDENTICAL
ui	dropdown-menu	index.ts	✓	✓	✓	0	0	0	IDENTICAL
ui	empty-state	EmptyState.vue	✓	✓	✓	0	0	0	IDENTICAL
ui	empty-state	index.ts	✓	✓	✓	0	0	0	IDENTICAL
ui	flag	Flag.vue	✓	✓	✓	0	0	0	IDENTICAL
ui	flag	index.ts	✓	✓	✓	0	0	0	IDENTICAL
ui	form	DatePickerField.vue	✓	✓	✓	0	0	0	IDENTICAL
ui	form	FormField.vue	✓	✓	✓	0	0	0	IDENTICAL
ui	form	PasswordField.vue	✓	✓	✓	0	0	0	IDENTICAL
ui	form	TextAreaField.vue	✓	✓	✓	0	0	0	IDENTICAL
ui	form	TextField.vue	✓	✓	✓	0	0	0	IDENTICAL
ui	form	index.ts	✓	✓	✓	0	0	0	IDENTICAL
ui	image	Image.vue	✓	✓	✓	0	0	0	IDENTICAL
ui	image	index.ts	✓	✓	✓	0	0	0	IDENTICAL
ui	image-uploader	ImageUploadItem.vue	✓	✓	✓	0	0	0	IDENTICAL
ui	image-uploader	ImageUploader.vue	✓	✓	✓	0	0	0	IDENTICAL
ui	image-uploader	ImageUploaderField.vue	✓	✓	✓	0	0	0	IDENTICAL
ui	image-uploader	index.ts	✓	✓	✓	0	0	0	IDENTICAL
ui	infinite-scroll-trigger	InfiniteScrollTrigger.vue	✓	✓	✓	0	0	0	IDENTICAL
ui	infinite-scroll-trigger	index.ts	✓	✓	✓	0	0	0	IDENTICAL
ui	input	Input.vue	✓	✓	✓	0	0	0	IDENTICAL
ui	input	InputGroup.vue	✓	✓	✓	0	0	0	IDENTICAL
ui	input	index.ts	✓	✓	✓	0	0	0	IDENTICAL
ui	item	Item.vue	✓	✓	✓	0	0	0	IDENTICAL
ui	item	ItemActions.vue	✓	✓	✓	0	0	0	IDENTICAL
ui	item	ItemContent.vue	✓	✓	✓	0	0	0	IDENTICAL
ui	item	ItemDescription.vue	✓	✓	✓	0	0	0	IDENTICAL
ui	item	ItemFooter.vue	✓	✓	✓	0	0	0	IDENTICAL
ui	item	ItemGroup.vue	✓	✓	✓	0	0	0	IDENTICAL
ui	item	ItemHeader.vue	✓	✓	✓	0	0	0	IDENTICAL
ui	item	ItemMedia.vue	✓	✓	✓	0	0	0	IDENTICAL
ui	item	ItemSeparator.vue	✓	✓	✓	0	0	0	IDENTICAL
ui	item	ItemTitle.vue	✓	✓	✓	0	0	0	IDENTICAL
ui	item	composite/ActionItem.vue	✓	✓	✓	0	0	0	IDENTICAL
ui	item	composite/index.ts	✓	✓	✓	0	0	0	IDENTICAL
ui	item	index.ts	✓	✓	✓	0	0	0	IDENTICAL
ui	label	Label.vue	✓	✓	✓	0	0	0	IDENTICAL
ui	label	index.ts	✓	✓	✓	0	0	0	IDENTICAL
ui	native-select	NativeSelect.vue	✓	✓	✓	0	0	0	IDENTICAL
ui	native-select	NativeSelectOptGroup.vue	✓	✓	✓	0	0	0	IDENTICAL
ui	native-select	NativeSelectOption.vue	✓	✓	✓	0	0	0	IDENTICAL
ui	native-select	composite/SelectOption.vue	✓	✓	✓	0	0	0	IDENTICAL
ui	native-select	composite/SelectOptionField.vue	✓	✓	✓	0	0	0	IDENTICAL
ui	native-select	composite/index.ts	✓	✓	✓	0	0	0	IDENTICAL
ui	native-select	index.ts	✓	✓	✓	0	0	0	IDENTICAL
ui	number-stepper	NumberStepper.vue	✓	✓	✓	0	0	0	IDENTICAL
ui	number-stepper	index.ts	✓	✓	✓	0	0	0	IDENTICAL
ui	pill-tab	PillTab.vue	✓	✓	✓	0	0	0	IDENTICAL
ui	pill-tab	PillTabSkeleton.vue	✓	✓	✓	0	0	0	IDENTICAL
ui	pill-tab	ScrollablePillTabs.vue	✓	✓	✓	0	0	0	IDENTICAL
ui	pill-tab	ScrollablePillTabsSkeleton.vue	✓	✓	✓	0	0	0	IDENTICAL
ui	pill-tab	index.ts	✓	✓	✓	0	0	0	IDENTICAL
ui	popover	Popover.vue	✓	✓	✓	0	0	0	IDENTICAL
ui	popover	PopoverAnchor.vue	✓	✓	✓	0	0	0	IDENTICAL
ui	popover	PopoverContent.vue	✓	✓	✓	0	0	0	IDENTICAL
ui	popover	PopoverTrigger.vue	✓	✓	✓	0	0	0	IDENTICAL
ui	popover	index.ts	✓	✓	✓	0	0	0	IDENTICAL
ui	progress	Progress.vue	✓	✓	✓	0	0	0	IDENTICAL
ui	progress	index.ts	✓	✓	✓	0	0	0	IDENTICAL
ui	qr-scanner	QrScanner.vue	✓	✓	✓	0	0	0	IDENTICAL
ui	qr-scanner	index.ts	✓	✓	✓	0	0	0	IDENTICAL
ui	radio-group	RadioGroup.vue	✓	✓	✓	0	0	0	IDENTICAL
ui	radio-group	RadioGroupItem.vue	✓	✓	✓	0	0	0	IDENTICAL
ui	radio-group	RadioGroupItemLabel.vue	✓	✓	✓	0	0	0	IDENTICAL
ui	radio-group	RadioOptionCard.vue	✓	✓	✓	0	0	0	IDENTICAL
ui	radio-group	index.ts	✓	✓	✓	0	0	0	IDENTICAL
ui	rich-editor	RichEditor.vue	✓	✓	✓	0	0	0	IDENTICAL
ui	rich-editor	RichEditorField.vue	✓	✓	✓	0	0	0	IDENTICAL
ui	rich-editor	index.ts	✓	✓	✓	0	0	0	IDENTICAL
ui	right-sheet	RightSheet.vue	✓	✓	✓	0	0	0	IDENTICAL
ui	right-sheet	SheetHeader.vue	✓	✓	✓	0	0	0	IDENTICAL
ui	right-sheet	composite/CrudFormSheet.vue	✓	✓	✓	0	0	0	IDENTICAL
ui	right-sheet	composite/DetailField.vue	✓	✓	✓	0	0	0	IDENTICAL
ui	right-sheet	composite/DetailSection.vue	✓	✓	✓	0	0	0	IDENTICAL
ui	right-sheet	composite/DetailSheet.vue	✓	✓	✓	0	0	0	IDENTICAL
ui	right-sheet	composite/FormSection.vue	✓	✓	✓	0	0	0	IDENTICAL
ui	right-sheet	composite/index.ts	✓	✓	✓	0	0	0	IDENTICAL
ui	right-sheet	index.ts	✓	✓	✓	0	0	0	IDENTICAL
ui	rounded-overlap	RoundedOverlap.vue	✓	✓	✓	0	0	0	IDENTICAL
ui	rounded-overlap	index.ts	✓	✓	✓	0	0	0	IDENTICAL
ui	sheet	Sheet.vue	✓	✓	✓	0	0	0	IDENTICAL
ui	sheet	SheetClose.vue	✓	✓	✓	0	0	0	IDENTICAL
ui	sheet	SheetContent.vue	✓	✓	✓	0	0	0	IDENTICAL
ui	sheet	SheetDescription.vue	✓	✓	✓	0	0	0	IDENTICAL
ui	sheet	SheetFooter.vue	✓	✓	✓	0	0	0	IDENTICAL
ui	sheet	SheetHeader.vue	✓	✓	✓	0	0	0	IDENTICAL
ui	sheet	SheetOverlay.vue	✓	✓	✓	0	0	0	IDENTICAL
ui	sheet	SheetTitle.vue	✓	✓	✓	0	0	0	IDENTICAL
ui	sheet	SheetTrigger.vue	✓	✓	✓	0	0	0	IDENTICAL
ui	sheet	index.ts	✓	✓	✓	0	0	0	IDENTICAL
ui	skeleton	Skeleton.vue	✓	✓	✓	0	0	0	IDENTICAL
ui	skeleton	index.ts	✓	✓	✓	0	0	0	IDENTICAL
ui	sonner	Sonner.vue	✓	✓	✓	0	0	0	IDENTICAL
ui	sonner	index.ts	✓	✓	✓	0	0	0	IDENTICAL
ui	swipeable-tabs	BottomNavTabPanel.vue	✓	✓	✓	0	0	0	IDENTICAL
ui	swipeable-tabs	SwipeableTabBar.vue	✓	✓	✓	0	0	0	IDENTICAL
ui	swipeable-tabs	SwipeableTabPanel.vue	✓	✓	✓	0	0	0	IDENTICAL
ui	swipeable-tabs	SwipeableTabPanels.vue	✓	✓	✓	0	0	0	IDENTICAL
ui	swipeable-tabs	SwipeableTabs.vue	✓	✓	✓	0	0	0	IDENTICAL
ui	swipeable-tabs	index.ts	✓	✓	✓	0	0	0	IDENTICAL
ui	swipeable-tabs	types.ts	✓	✓	✓	0	0	0	IDENTICAL
ui	swiper	SwiperPagination.vue	✓	✓	✓	0	0	0	IDENTICAL
ui	swiper	index.ts	✓	✓	✓	0	0	0	IDENTICAL
ui	switch	Switch.vue	✓	✓	✓	0	0	0	IDENTICAL
ui	switch	index.ts	✓	✓	✓	0	0	0	IDENTICAL
ui	table	Table.vue	✓	✓	✓	0	0	0	IDENTICAL
ui	table	TableActions.vue	✓	✓	✓	0	0	0	IDENTICAL
ui	table	TableBody.vue	✓	✓	✓	0	0	0	IDENTICAL
ui	table	TableCell.vue	✓	✓	✓	0	0	0	IDENTICAL
ui	table	TableFooter.vue	✓	✓	✓	0	0	0	IDENTICAL
ui	table	TableHead.vue	✓	✓	✓	0	0	0	IDENTICAL
ui	table	TableHeader.vue	✓	✓	✓	0	0	0	IDENTICAL
ui	table	TablePagination.vue	✓	✓	✓	0	0	0	IDENTICAL
ui	table	TableRow.vue	✓	✓	✓	0	0	0	IDENTICAL
ui	table	composite/DataTable.vue	✓	✓	✓	0	0	0	IDENTICAL
ui	table	composite/index.ts	✓	✓	✓	0	0	0	IDENTICAL
ui	table	index.ts	✓	✓	✓	0	0	0	IDENTICAL
ui	table	types.ts	✓	✓	✓	0	0	0	IDENTICAL
ui	tag-input	TagInput.vue	✓	✓	✓	0	0	0	IDENTICAL
ui	tag-input	TagInputField.vue	✓	✓	✓	0	0	0	IDENTICAL
ui	tag-input	index.ts	✓	✓	✓	0	0	0	IDENTICAL
ui	textarea	Textarea.vue	✓	✓	✓	0	0	0	IDENTICAL
ui	textarea	index.ts	✓	✓	✓	0	0	0	IDENTICAL
ui	time-picker	TimePicker.vue	✓	✓	✓	0	0	0	IDENTICAL
ui	time-picker	TimePickerField.vue	✓	✓	✓	0	0	0	IDENTICAL
ui	time-picker	index.ts	✓	✓	✓	0	0	0	IDENTICAL
ui	tooltip	Tooltip.vue	✓	✓	✓	0	0	0	IDENTICAL
ui	tooltip	TooltipContent.vue	✓	✓	✓	0	0	0	IDENTICAL
ui	tooltip	TooltipProvider.vue	✓	✓	✓	0	0	0	IDENTICAL
ui	tooltip	TooltipTrigger.vue	✓	✓	✓	0	0	0	IDENTICAL
ui	tooltip	index.ts	✓	✓	✓	0	0	0	IDENTICAL
shared	bottom-sheets	confirmation/ConfirmationBottomSheet.vue	✓	✓	✓	0	0	0	IDENTICAL
shared	bottom-sheets	confirmation/index.ts	✓	✓	✓	0	0	0	IDENTICAL
shared	bottom-sheets	index.ts	✓	✓	✓	0	0	0	IDENTICAL
shared	bottom-sheets	information/InformationBottomSheet.vue	✓	✓	✓	0	0	0	IDENTICAL
shared	bottom-sheets	information/index.ts	✓	✓	✓	0	0	0	IDENTICAL
shared	date-picker-bottom-sheet	DatePickerBottomSheet.vue	✓	✓	✓	0	0	0	IDENTICAL
shared	date-picker-bottom-sheet	index.ts	✓	✓	✓	0	0	0	IDENTICAL
shared	location-picker	LocationField.vue	✓	✓	✓	0	0	0	IDENTICAL
shared	location-picker	LocationListGroup.vue	✓	✓	✓	0	0	0	IDENTICAL
shared	location-picker	LocationPicker.vue	✓	✓	✓	0	0	0	IDENTICAL
shared	location-picker	LocationSelectedFields.vue	✓	✓	✓	0	0	0	IDENTICAL
shared	location-picker	constants.ts	✓	✓	✓	0	0	0	IDENTICAL
shared	location-picker	index.ts	✓	✓	✓	0	0	0	IDENTICAL
shared	location-picker	types.ts	✓	✓	✓	0	0	0	IDENTICAL
shared	pull-to-refresh	PullToRefresh.vue	✓	✓	✓	0	0	0	IDENTICAL
shared	pull-to-refresh	index.ts	✓	✓	✓	0	0	0	IDENTICAL
shared	search-input	SearchInput.vue	✓	✓	✓	0	0	0	IDENTICAL
shared	search-input	index.ts	✓	✓	✓	0	0	0	IDENTICAL
shared	search-input	variants.ts	✓	✓	✓	0	0	0	IDENTICAL
shared	ticket-quantity-selector	TicketQuantitySelector.vue	✓	✓	✓	0	0	0	IDENTICAL
shared	ticket-quantity-selector	TicketQuantitySelectorSkeleton.vue	✓	✓	✓	0	0	0	IDENTICAL
shared	ticket-quantity-selector	index.ts	✓	✓	✓	0	0	0	IDENTICAL
shared	_root	PageHeader.vue	✓	✓	✓	0	0	0	IDENTICAL
shared	_root	CardSection.vue	✓	✓	✓	0	0	0	IDENTICAL
shared	_root	TransitionedRouterView.vue	✓	✓	✓	0	0	0	IDENTICAL
shared	_root	index.ts	✓	✓	✓	0	0	0	IDENTICAL
